created_at,username,text,processed_text,sentiment,GPT4o_MINI,GEMINI_FLASH,CLAUDE_HAIKU,label
2026-04-13T12:22:15.331Z,Sojourner00,"So we are back to the days of Egyptian Pharos and Roman Emperors declaring they are gods. Well, we don’t need a democratic government then do we? #trump #epstein #pedophiles #maga #insanity #fascism",day pharos emperor declaring god need government trump paedophile manga insanity fascism,Opinion,negative,negative,negative,negative
2026-04-13T12:22:12.000Z,dalfen,"A friend of mine just told me they think that Trump meant that image to portray himself as Jesus (Christ).... I wasn't sure when I first looked at it (I was thinking some kind of healing saint or something), but I suppose that would make sense with where #Trump seems to be psychologically.He doesn't want to be outshined by anyone, including the Pope. And notice that he posted that strange AI image AFTER going on his tirade about Pope Leo.#MyThoughts #USpol3🧵",friend mine told think trump meant image portray jesus christ wa looked wa thinking kind healing saint something suppose make sense trump seems doe want outshine anyone including pope notice posted strange image going tirade pope leo thought thread,Opinion,neutral,negative,neutral,neutral
2026-04-13T12:21:45.000Z,ItalianNews,"RaiNews: Le dure parole di Trump contro il Papa: ""Non sono un suo fan"". E si ritrae in versione GesùIl presidente Usa argomenta il contenuto del lungo e aggressivo post di Truth in cui spiega perchè non gli piaccia il primo Pontefice americano. L'apice dopo mesi di tensioni tra Casa Bianca e Santa SedeTrump’s harsh words against the Pope: “I’m not a fan.” And he retreats into a version of Jesus.The U.S. president argues the content of the lengthy and aggressive post on Truth in which he explains why he doesn't like the first American Pope. The climax after months of tensions between the White House and the Vatican.#Trump #first #American #theWhiteHouse #Vatican https://www.rainews.it/video/2026/04/le-dure-parole-di-trump-contro-il-papa-non-sono-un-suo-fan-e-si-ritrae-in-versione-gesu-1cc26d80-ba61-4229-83a9-f3d9540cb2f4.html",news trump control papa non sony rit rae version gerbil president argument del lunge post truth cut spy perch place primo pons ice ice dope mesh tension try casa bianca santa see word pope ism fan retreat version jesus president argues content post truth explains doe like pope climax month tension house trump vatican,OPINION,neutral,neutral,neutral,neutral
2026-04-13T12:20:39.469Z,trumpwatch.skyfleet.blue,Capitol agenda: Scandals and Iran overshadow GOP tax pitch #TrumpCapitol agenda: Scandals and I...,capitol agenda scandal overshadow tax pitch trump capitol agenda scandal,OPINION,negative,negative,neutral,negative
2026-04-13T12:20:41.686Z,trumpwatch.skyfleet.blue,Bullying Does Not Pay #TrumpBullying Does Not Pay,bullying doe pay trump bullying doe pay,OPINION,negative,negative,negative,negative
2026-04-13T12:15:03.000Z,f800gecko,"How in fuck does Canada's CBC  radio news manage to present an item on liar, grifter, sex-abuser, groper, rapist and torturer/murderer Trump's Pope-rant last night and not mention the psychotic, deeply warped and narcissistic AI hallucination he added to it depicting himself berobed and anointing Christ (or WTFTW) as if he's the Lord descended from heaven?Same online: https://www.cbc.ca/news/world/trump-pope-leo-comments-iran-9.71612521/2#trump #epstein #cbc #media #sanewashing #usa #politics #markcarney",fuck doe canada csc news manage present item grifter sex abuser groper rapist torturer murderer trump pope night mention deeply warped hallucination added depicting robed anointing christ weft lord descended online epstein csc medium san washing politics mar carney,OPINION,negative,negative,negative,negative
2026-04-13T12:13:49.774Z,thelevantfiles,#Iran War Splits to the #Pacific: #Trump Threatens #China Over Arms to #Tehran https://www.thelevantfiles.org/2026/04/iran-war-splits-to-pacific-trump.html,war split pacific trump threatens china arm tehran,OPINION,negative,negative,negative,negative
2026-04-13T12:12:18.000Z,TJ1001,The Pope should blockade the U.S. blockade of the Iranian blockade of the strait of Hormuz.….#politics #ukpolitics #bbc #news #Europe  #israel #iran #iranwar #trump #DonaldTrump #TrumpIsAPedo #operationepsteinfury #sendbarron #netanyahuwarcriminal #IsraelTerroristState #FuckTrump #nokings #ceasefire #Pope #popeleo #blockade #hormuz #StraitOfHormuz,pope blockade blockade blockade strait hormuz politics politics news europe israel iran iran war trump donald trump trump saved send barron israelterroriststate fuck king ceasefire pope pop leo blockade hormuz strait hormuz,OPINION,negative,negative,neutral,negative
2026-04-13T12:11:44.000Z,ManyRoads,"Don't WORRY. #Trump won't starve. He's the only one who counts.""A Closed Strait of Hormuz Risks a Global Food Security Crisis ""#Russia #China #USA #Security #News #Iran #Israel #War #EU #NATO #UN #Nuclear #Weapons #Politics #Pentagon #WW3 #Food #Agriculture https://warontherocks.com/a-closed-strait-of-hormuz-risks-a-global-food-security-crisis/",worry trump starve one count strait hormuz risk food security crisis russia china security news iran war eur nat weapon politics pentagon wa food agriculture,OPINION,neutral,negative,negative,negative
2026-04-13T12:10:29.000Z,FedNewsReddit,SOURCE: https://www.reddit.com/r/fednews/**I only post the hottest 10 posts in the subreddit.**Inefficiencies with both RTO &amp;amp; the pressure to exceed building utilization rateshttps://www.gsa.gov/real-estate/use-it-act-and-occupancy-data------https://www.reddit.com/r/fednews/comments/1sk8t21/inefficiencies_with_both_rto_the_pressure_to/?utm_source=iftttr/fednews is the main subreddit for US Federal government workers.This robot is NOT affiliated with r/fednews. It merely rebroadcasts the top 10 hottest posts. Responses here are only seen in the Fediverse.  YOU SHOULD GO TO REDDIT TO PARTICIPATE FULLY!High volume posting robot - block me if irritating.-----#Coup #Activism #Reddit #subreddit #fednews #FederalWorkforce #FederalGovernment #USpol #Trump #Elon #Musk #DOGE,source post post sub edit inefficiency amp amp pressure exceed building utilization rate sub edit government worker robot affiliated redness rebroadcast top post response seen verse go geddit participate volume posting robot block irritating coup activism geddit sub edit fed news workforce government pol leon musk doge,OPINION,neutral,negative,neutral,neutral
